Title,Price,Date
The data look Data Science Tree Men's Regular Fit T-Shirt White, ? 699.00 ,18-03-2022
The data look Data Science Tree Men's Regular Fit T-Shirt White, ? 699.00 ,18-03-2022
The data look Data Science Tree Men's Regular Fit T-Shirt White, ? 699.00 ,18-03-2022
The data look Data Science Tree Men's Regular Fit T-Shirt White, ? 699.00 ,18-03-2022
The data look Data Science Tree Men's Regular Fit T-Shirt White, ? 699.00 ,19-03-2022
The data look Data Science Tree Men's Regular Fit T-Shirt White, ? 699.00 ,20-03-2022
The data look Data Science Tree Men's Regular Fit T-Shirt White, ? 699.00 ,21-03-2022
The data look Data Science Tree Men's Regular Fit T-Shirt White, ? 699.00 ,22-03-2022
The data look Data Science Tree Men's Regular Fit T-Shirt White, ? 699.00 ,23-03-2022
The data look Data Science Tree Men's Regular Fit T-Shirt White, ? 699.00 ,24-03-2022
The data look Data Science Tree Men's Regular Fit T-Shirt White, ? 699.00 ,25-03-2022
The data look Data Science Tree Men's Regular Fit T-Shirt White, ? 699.00 ,26-03-2022
